uid,name,num_leds,length,reversed,offset,sub_component,num_adressable_leds,bus,status,points
26,ear_left,68,3.44,FALSE,0,ear_left,68,board_2,done,"[[-0.4874847467371708, 2.16579943549487, -0.8806839905489184], [-0.5402298759724259, 2.3004829957257913, -0.7371353625034783], [-0.4874847467371708, 2.16579943549487, -0.8806839905489184], [-0.500371300923255, 1.6388149199355575, -0.9505560197370858], [-0.4730197337386926, 1.4791902139443411, -0.940434498338374], [-0.6595416595142247, 1.3615510632583376, -0.8814102901655579], [-0.8679360581934652, 1.4006329039152337, -0.43939678186256315], [-0.8740584806148766, 1.5462805406726645, -0.31172035790650443], [-0.8801809030362877, 1.6919281774300956, -0.18404393395044574], [-0.8750106549565666, 2.084719306884342, -0.06017886974802187], [-0.7330431453814371, 2.299489099604447, -0.09226554907825775], [-0.7340694900111976, 2.407229026427805, -0.29733489734485075], [-0.5929750052076812, 2.4351665559567115, -0.5935867344580381]]"
