uid,name,num_leds,length,reversed,offset,sub_component,num_adressable_leds,bus,status,points
10,ear_right,58,1.93,FALSE,0,ear_right,58,board_1,done,"[[0.7340694900111976, 2.407229026427805, -0.29733489734485075], [0.7330431453814371, 2.299489099604447, -0.09226554907825775], [0.8801809030362877, 1.6919281774300956, -0.18404393395044574], [0.6595416595142247, 1.3615510632583376, -0.8814102901655579], [0.4730197337386926, 1.4791902139443411, -0.940434498338374], [0.500371300923255, 1.6388149199355575, -0.9505560197370858], [0.5402298759724259, 2.3004829957257913, -0.7371353625034783], [0.5929750052076812, 2.4351665559567115, -0.5935867344580381]]"
25,head,99,3.27,FALSE,0,head,99,board_2,done,"[[-0.10385209059630907, 1.8644056266874849, -1.4561823475476294], [-0.15465209059630908, 2.0543423413478097, -1.3322682290963694], [-0.2614369164440396, 2.157500488023206, -1.3098270707078175], [-0.25625209059630905, 2.304713159007532, -1.0995828986200495], [-0.281652090596309, 2.36338344913764, -0.6309617764217096], [-0.180052090596309, 2.2374418185541045, -0.3872235852794653], [0.281652090596309, 2.36338344913764, -0.6309617764217096], [0.25625209059630905, 2.304713159007532, -1.0995828986200495], [0.2614369164440396, 2.157500488023206, -1.3098270707078175], [0.15465209059630905, 2.0543423413478097, -1.3322682290963694], [0.10385209059630907, 1.8644056266874849, -1.4561823475476297], [0.05305209059630906, 1.67446891202716, -1.58009646599889], [-0.10385209059630907, 1.8644056266874849, -1.4561823475476294]]"
