uid,name,num_leds,length,reversed,offset,sub_component,num_adressable_leds,bus,status,points
25,head,65,3.27,FALSE,0,head,65,board_2,done,"[[0.180052090596309, 2.2374418185541045, -0.3872235852794653], [0.281652090596309, 2.36338344913764, -0.6309617764217096], [-0.180052090596309, 2.2374418185541045, -0.3872235852794653], [-0.281652090596309, 2.36338344913764, -0.6309617764217096], [-0.25625209059630905, 2.304713159007532, -1.0995828986200495], [-0.2614369164440396, 2.157500488023206, -1.3098270707078175], [-0.15465209059630908, 2.0543423413478097, -1.3322682290963694], [-0.10385209059630907, 1.8644056266874849, -1.4561823475476294], [0.05305209059630906, 1.67446891202716, -1.58009646599889], [0.10385209059630907, 1.8644056266874849, -1.4561823475476297], [0.15465209059630905, 2.0543423413478097, -1.3322682290963694], [0.2614369164440396, 2.157500488023206, -1.3098270707078175], [0.25625209059630905, 2.304713159007532, -1.0995828986200495]]"
