uid,name,num_leds,length,reversed,offset,sub_component,num_adressable_leds,bus,status,points
114,leg_front_right,74,3.76,FALSE,0,leg_front_right,74,board_1,done,"[[0.5074355555555556, 1.485632512496675, -0.5479059900233443], [0.49473555555555565, 1.61557209129034, -0.42276919121721435], [0.6522155555555557, 1.4946158409956325, -0.11428297902697167], [0.7093655555555556, 1.2966294460680503, -0.1279315277092741], [0.7665155555555556, 1.0986430511404681, -0.14158007639157655], [0.7665155555555556, 0.726269950419223, -0.3735782216013777], [0.7284155555555557, 0.6132225001065745, -0.8448099944447663], [0.7588955555555557, 0.49216156282151535, -0.9107453046507138], [0.8223955555555557, 0.48999784327132545, -1.068638992267945], [0.8223955555555557, 0.554909429777018, -1.2206061558368837], [0.6826955555555556, 0.6223154941787954, -1.263653605802542], [0.6268155555555557, 0.7839124055834621, -1.1339995342826723], [0.6268155555555557, 1.0291906874457886, -0.7061476979473774], [0.5201355555555556, 1.3556929337030106, -0.6730427888294744], [0.5074355555555556, 1.485632512496675, -0.5479059900233443]]"
