uid,name,num_leds,length,reversed,offset,sub_component,num_adressable_leds,bus,status,points
18,leg_front_left,82,4.17,FALSE,0,leg_front_left,82,board_1,done,"[[-0.4225290000000001, 1.6842677052473034, -0.5901961687993165], [-0.5655310000000001, 1.6429113972880538, -0.16323597386136435], [-0.4225290000000001, 1.6842677052473034, -0.5901961687993165], [-0.432562, 1.5087044297444254, -0.6784781411312086], [-0.442595, 1.3331411542415474, -0.7667601134631009], [-0.6163310000000002, 0.9386098926930835, -0.5916172819334069], [-0.7052310000000002, 0.39233082085249754, -0.599720591201751], [-0.7031989999999999, 0.23891106691943484, -0.6448811079722367], [-0.8829150260296512, 0.17111121831233458, -0.5341432833432347], [-0.8929370000000002, 0.16241385873989422, -0.36994599745250994], [-0.7900669999999999, 0.20044473797719486, -0.22028613574248865], [-0.7285989999999998, 0.37019615393539956, -0.2247280741724236], [-0.7700009999999999, 0.932745309750542, -0.18705650543971317], [-0.7700009999999999, 1.335990184710472, -0.03175553862584479], [-0.667766, 1.4894507909992631, -0.09749575624360457]]"
