uid,name,num_leds,length,reversed,offset,sub_component,num_adressable_leds,bus,status,points
12,tail,54,2.73,FALSE,0,tail,54,board_1,done,"[[0.08862668418514495, 1.8239268101463824, 0.9212335283060343], [0.03782668418514495, 1.6131969185435153, 1.191841433256794], [-0.034604496985472626, 1.7676120354274532, 1.5559985393488773], [-0.034604496985472626, 1.61216818328288, 1.5426504576153866], [-0.034604496985472626, 1.5533516636550246, 1.4654359965589276], [-0.03968449698547263, 1.5122416849926716, 1.3521482975543848], [-0.060004496985472625, 1.5071437077927996, 1.221363020091747], [0.037826684185144954, 1.5071437077927996, 1.221363020091747], [0.017506684185144953, 1.5122416849926716, 1.3521482975543848], [0.012426684185144952, 1.5533516636550246, 1.4654359965589276], [0.012426684185144952, 1.61216818328288, 1.5426504576153866], [0.012426684185144952, 1.7676120354274532, 1.5559985393488773], [-0.060004496985472625, 1.6131969185435153, 1.191841433256794], [-0.034604496985472626, 1.577395325780852, 1.3308633682558062], [-0.034604496985472626, 1.602841174010048, 1.4438876414221111], [-0.034604496985472626, 1.6493660713695102, 1.4988540937908246], [-0.034604496985472626, 1.7591444498952198, 1.506570627725979], [0.012426684185144952, 1.7591444498952198, 1.506570627725979], [0.012426684185144952, 1.6493660713695102, 1.4988540937908246], [0.012426684185144952, 1.602841174010048, 1.4438876414221111], [0.012426684185144952, 1.577395325780852, 1.3308633682558062]]"
