{
    "led_segments": [
        {
            "uid": 1,
            "name": "Body1",
            "num_leds": 30,
            "led_positions": [
                [
                    4.818676322157797e-20,
                    4.005393081105466,
                    -2.070486974925913
                ],
                [
                    4.818676322157797e-20,
                    3.9979334209956665,
                    -2.0467415282011365
                ],
                [
                    4.818676322157797e-20,
                    3.990473760885867,
                    -2.02299608147636
                ],
                [
                    4.818676322157797e-20,
                    3.9830141007760673,
                    -1.9992506347515833
                ],
                [
                    4.818676322157797e-20,
                    3.975554440666268,
                    -1.9755051880268069
                ],
                [
                    4.818676322157797e-20,
                    3.9680947805564686,
                    -1.9517597413020302
                ],
                [
                    4.818676322157797e-20,
                    3.960635120446669,
                    -1.9280142945772538
                ],
                [
                    4.818676322157797e-20,
                    3.9531754603368694,
                    -1.9042688478524772
                ],
                [
                    4.818676322157797e-20,
                    3.9457158002270702,
                    -1.8805234011277008
                ],
                [
                    4.818676322157797e-20,
                    3.9382561401172707,
                    -1.8567779544029241
                ],
                [
                    4.818676322157797e-20,
                    3.930796480007471,
                    -1.8330325076781475
                ],
                [
                    4.818676322157797e-20,
                    3.9233368198976715,
                    -1.809287060953371
                ],
                [
                    4.818676322157797e-20,
                    3.9158771597878723,
                    -1.7855416142285945
                ],
                [
                    4.818676322157797e-20,
                    3.9084174996780727,
                    -1.761796167503818
                ],
                [
                    4.818676322157797e-20,
                    3.900957839568273,
                    -1.7380507207790414
                ],
                [
                    4.818676322157797e-20,
                    3.8934981794584735,
                    -1.7143052740542648
                ],
                [
                    4.818676322157797e-20,
                    3.8860385193486744,
                    -1.6905598273294884
                ],
                [
                    4.818676322157797e-20,
                    3.878578859238875,
                    -1.6668143806047118
                ],
                [
                    4.818676322157797e-20,
                    3.871119199129075,
                    -1.6430689338799354
                ],
                [
                    4.818676322157797e-20,
                    3.8636595390192756,
                    -1.6193234871551587
                ],
                [
                    4.818676322157797e-20,
                    3.8561998789094765,
                    -1.5955780404303823
                ],
                [
                    4.818676322157797e-20,
                    3.848740218799677,
                    -1.5718325937056057
                ],
                [
                    4.818676322157797e-20,
                    3.8412805586898773,
                    -1.548087146980829
                ],
                [
                    4.818676322157797e-20,
                    3.833820898580078,
                    -1.5243417002560526
                ],
                [
                    4.818676322157797e-20,
                    3.8263612384702785,
                    -1.5005962535312762
                ],
                [
                    4.818676322157797e-20,
                    3.818901578360479,
                    -1.4768508068064996
                ],
                [
                    4.818676322157797e-20,
                    3.8114419182506794,
                    -1.453105360081723
                ],
                [
                    4.818676322157797e-20,
                    3.80398225814088,
                    -1.4293599133569463
                ],
                [
                    4.818676322157797e-20,
                    3.7965225980310806,
                    -1.40561446663217
                ],
                [
                    4.818676322157797e-20,
                    3.789062937921281,
                    -1.3818690199073935
                ]
            ]
        }
    ]
}